City_ID,City,Lat,Lng,Max Temp,Humidity,Cloudiness,Wind Speed,Country,Date
0,bilibino,68.0546,166.4372,-3.15,54,0,1.37,RU,1682379913
1,motygino,58.1831,94.7592,2.08,89,100,1.28,RU,1682380484
2,harstad,68.799,16.5293,-1.32,72,9,1.34,NO,1682380484
3,adamstown,-25.066,-130.1015,25.7,87,88,6.92,PN,1682380485
4,port-aux-francais,-49.35,70.2167,4.58,66,63,7.55,TF,1682380485
5,arraial do cabo,-22.9661,-42.0278,21.98,83,0,0.0,BR,1682380464
6,wuyo,10.3852,11.6968,26.69,60,100,1.04,NG,1682380486
7,howard springs,-12.497,131.047,29.9,73,40,4.78,AU,1682380487
8,harper,4.375,-7.7169,27.28,84,100,2.79,LR,1682380487
9,rabigh,22.7986,39.0349,28.28,62,18,2.85,SA,1682380488
10,rikaze,29.25,88.8833,1.81,47,70,1.41,CN,1682380488
11,port-gentil,-0.7193,8.7815,27.98,89,20,1.54,GA,1682380489
12,gisborne,-38.6533,178.0042,15.86,39,0,1.49,NZ,1682380489
13,mount pearl,47.5166,-52.7813,1.92,96,100,7.2,CA,1682380489
14,gamay,12.3854,125.2979,26.71,88,48,2.82,PH,1682380490
15,ushuaia,-54.8,-68.3,3.81,93,75,3.09,AR,1682380490
16,six-fours-les-plages,43.0938,5.84,15.79,57,86,8.41,FR,1682380491
17,dryden,49.7833,-92.7503,3.16,38,100,3.09,CA,1682380491
18,iqaluit,63.7506,-68.5145,-0.15,100,100,5.66,CA,1682380492
19,puerto natales,-51.7236,-72.4875,4.7,93,69,2.97,CL,1682380492
20,papao,-17.75,-149.55,30.82,83,92,5.99,PF,1682380493
21,senanga,-16.1167,23.2667,19.82,51,23,2.05,ZM,1682380493
22,aasiaat,68.7098,-52.8699,-5.51,98,98,1.99,GL,1682380494
23,blackmans bay,-43.0167,147.3167,14.07,80,100,2.85,AU,1682380494
24,grytviken,-54.2811,-36.5092,2.41,95,77,5.35,GS,1682380495
25,zavitinsk,50.1167,129.45,5.25,41,100,2.55,RU,1682380495
26,waitangi,-43.9535,-176.5597,13.23,69,54,3.58,NZ,1682380496
27,el granada,37.5027,-122.4694,22.72,67,20,13.89,US,1682380496
28,stanley,54.868,-1.6985,1.51,88,0,3.09,GB,1682380497
29,magadan,59.5667,150.8,1.42,75,83,7.9,RU,1682380497
30,temple,31.0982,-97.3428,19.8,67,0,5.14,US,1682380498
31,karlino,54.0351,15.8774,6.03,90,96,5.58,PL,1682380498
32,lom sak,16.7798,101.2422,23.94,100,8,0.0,TH,1682380498
33,hermanus,-34.4187,19.2345,12.11,87,0,2.52,ZA,1682380499
34,ancud,-41.8697,-73.8203,12.41,83,95,5.64,CL,1682380499
35,coahuayana de hidalgo,18.7,-103.6583,27.55,67,67,2.66,MX,1682380500
36,sao joao da barra,-21.6403,-41.0511,22.05,83,68,2.69,BR,1682380500
37,muang phonsavan,19.45,103.2167,21.24,74,1,0.46,LA,1682380501
38,avarua,-21.2078,-159.775,27.03,65,37,6.69,CK,1682380501
39,kodiak,57.79,-152.4072,5.73,45,0,4.63,US,1682380502
40,dordrecht,51.81,4.6736,7.76,85,84,0.89,NL,1682380322
41,edinburgh of the seven seas,-37.0676,-12.3116,16.34,71,91,10.55,SH,1682380503
42,matthew town,20.95,-73.6667,25.69,73,36,5.36,BS,1682380503
43,caleta de carquin,-11.0925,-77.6267,24.14,78,28,5.83,PE,1682380504
44,greymouth,-42.4667,171.2,13.43,84,99,5.17,NZ,1682380228
45,takoradi,4.8845,-1.7554,27.37,82,89,2.42,GH,1682380505
46,cabo san lucas,22.8909,-109.9124,28.12,55,97,6.27,MX,1682380251
47,nieves,15.3274,120.9485,27.73,66,12,1.75,PH,1682380505
48,thunder bay,48.4001,-89.3168,3.99,56,75,1.54,CA,1682380506
49,tiksi,71.6872,128.8694,-6.08,93,100,5.66,RU,1682380506
50,yarkovo,57.4028,67.0786,4.17,79,99,2.3,RU,1682380507
51,arfoud,31.4348,-4.2375,24.04,24,72,2.83,MA,1682380507
52,bandar abbas,27.1865,56.2808,21.99,73,68,3.09,IR,1682380508
53,savur,37.5388,40.8877,6.93,70,0,0.65,TR,1682380508
54,talnakh,69.4865,88.3972,-4.39,78,70,3.99,RU,1682380509
55,tondano,1.3038,124.9112,24.05,78,46,0.56,ID,1682380509
56,afaahiti,-17.75,-149.2833,29.93,82,92,4.81,PF,1682380510
57,kuqa,41.7278,82.9364,13.75,22,74,1.29,CN,1682380510
58,dabat,12.9842,37.765,16.2,47,80,1.43,ET,1682380511
59,puerto ayacucho,5.6639,-67.6236,25.2,86,99,1.63,VE,1682380512
60,worland,44.0169,-107.9554,18.83,19,0,1.54,US,1682380512
61,saint-leu,-21.15,55.2833,24.48,87,5,4.32,RE,1682380513
62,kavieng,-2.5744,150.7967,29.18,74,51,4.33,PG,1682380514
63,odacho-oda,35.1833,132.5,7.43,59,100,2.6,JP,1682380514
64,nemuro,43.3236,145.575,5.82,62,22,8.36,JP,1682380515
65,tura,25.5198,90.2201,21.45,58,0,1.34,IN,1682380515
66,leava,-14.3,-178.1667,27.77,76,76,1.83,WF,1682380516
67,vilyuchinsk,52.9306,158.4028,4.15,74,49,1.76,RU,1682380516
68,pratt,37.6439,-98.7376,13.12,44,100,7.72,US,1682380517
69,holualoa,19.6228,-155.9522,25.99,75,40,4.12,US,1682380292
70,domna,51.8971,113.1573,-5.91,63,74,0.0,RU,1682380518
71,albany,42.6001,-73.9662,9.8,63,89,2.5,US,1682380452
72,itoman,26.1247,127.6694,24.01,73,75,3.6,JP,1682380519
73,hithadhoo,-0.6,73.0833,28.96,73,98,4.28,MV,1682380520
74,margaret river,-33.95,115.0667,13.16,80,100,8.01,AU,1682380520
75,gao,16.6362,1.637,29.35,10,0,5.66,ML,1682380521
76,papatowai,-46.5619,169.4708,16.46,76,91,10.08,NZ,1682380521
77,bredasdorp,-34.5322,20.0403,14.46,84,4,1.94,ZA,1682380522
78,kargasok,59.0556,80.8572,-3.24,83,72,7.15,RU,1682380522
79,bethel,41.3712,-73.414,12.93,47,69,1.83,US,1682380439
80,ribeira grande,38.5167,-28.7,17.65,95,55,6.71,PT,1682380523
81,enriquillo,17.9,-71.2333,26.82,82,86,1.49,DO,1682380523
82,el transito,13.35,-88.35,30.81,71,89,2.48,SV,1682380524
83,pankrushikha,53.8319,80.3406,-0.05,63,16,4.07,RU,1682380524
84,thompson,55.7435,-97.8558,6.09,33,20,1.54,CA,1682380525
85,berdigestyakh,62.0989,126.6992,-3.54,93,100,4.4,RU,1682380527
86,novyy urengoy,66.0833,76.6333,-4.25,93,95,7.21,RU,1682380527
87,iskateley,67.6803,53.1512,-13.03,98,84,2.12,RU,1682380528
88,orsa,54.5153,30.4053,8.27,78,14,3.37,BY,1682380449
89,nova sintra,14.8667,-24.7167,20.57,75,1,8.49,CV,1682380529
90,acapulco de juarez,16.8634,-99.8901,28.03,66,61,3.93,MX,1682380529
91,brak,27.5496,14.2714,22.32,32,29,6.9,LY,1682380529
92,mount gambier,-37.8333,140.7667,19.1,56,83,3.44,AU,1682380530
93,port douglas,-16.4833,145.4667,25.88,82,91,7.44,AU,1682380531
94,ust-nera,64.5667,143.2,-5.42,85,84,3.41,RU,1682380531
95,nizhnyaya tavda,57.6731,66.1725,4.06,90,96,2.37,RU,1682380532
96,kayangel,8.0823,134.7173,28.01,73,9,2.15,PW,1682380532
97,sona,45.4388,10.8255,13.1,81,0,3.09,IT,1682380533
98,chonchi,-42.6128,-73.8092,11.56,89,100,2.39,CL,1682380533
99,alofi,-19.0595,-169.9187,27.94,78,20,3.6,NU,1682380534
100,anadyr,64.75,177.4833,-5.72,62,0,3.0,RU,1682380534
101,taoudenni,22.6783,-3.9836,30.16,12,0,4.94,ML,1682380535
102,yellowknife,62.456,-114.3525,9.29,40,75,4.12,CA,1682380535
103,georgetown,5.4112,100.3354,25.96,94,20,1.54,MY,1682380443
104,sisimiut,66.9395,-53.6735,-0.45,92,100,1.76,GL,1682380536
105,zhezqazghan,47.7833,67.7667,9.05,53,0,3.62,KZ,1682380537
106,saint-joseph,-21.3667,55.6167,24.21,78,17,0.71,RE,1682380537
107,petropavlovsk-kamchatsky,53.0452,158.6483,3.33,48,75,6.0,RU,1682380538
108,hinesville,31.8469,-81.5959,22.1,68,75,1.54,US,1682380018
109,constantia,44.1833,28.65,10.38,83,95,6.47,RO,1682380539
110,khorramabad,33.4878,48.3558,14.79,82,100,9.77,IR,1682380539
111,vejen,55.4833,9.15,6.21,87,100,7.2,DK,1682380540
112,bikenibeu village,1.3673,173.1241,30.98,74,40,2.06,KI,1682380540
113,kismayo,-0.3582,42.5454,27.37,82,88,3.73,SO,1682380541
114,niksar,40.5917,36.9517,7.47,91,24,1.82,TR,1682380541
115,ta`u,-14.2336,-169.5144,28.0,75,29,3.95,AS,1682380542
116,shengli,37.4564,118.4856,12.56,61,100,4.54,CN,1682380542
117,ola,59.5833,151.2833,1.61,78,97,7.86,RU,1682380543
118,fuerte olimpo,-21.0415,-57.8738,25.2,72,69,2.78,PY,1682380543
119,praia da vitoria,38.7333,-27.0667,18.14,82,40,5.52,PT,1682380543
120,pisco,-13.7,-76.2167,23.03,78,2,9.77,PE,1682380544
121,escarcega,18.6089,-90.7454,29.82,54,99,3.51,MX,1682380545
122,lebu,-37.6167,-73.65,11.3,89,37,1.9,CL,1682380545
123,chapadinha,-3.7417,-43.3603,23.52,84,95,1.51,BR,1682380546
124,ilulissat,69.2167,-51.1,0.01,93,40,2.06,GL,1682380354
125,olonkinbyen,70.9221,-8.7187,-3.84,82,89,7.68,SJ,1682380546
126,hawaiian paradise park,19.5933,-154.9731,28.73,69,0,6.69,US,1682380470
127,qaqortoq,60.7167,-46.0333,1.13,87,28,3.34,GL,1682380547
128,utrik,11.2278,169.8474,27.04,81,94,10.33,MH,1682380548
129,horta,38.5333,-28.6333,17.23,95,57,6.71,PT,1682380548
130,west island,-12.1568,96.8225,26.99,74,40,8.23,CC,1682380549
131,katsuura,35.1333,140.3,17.01,48,34,5.19,JP,1682380549
132,longyearbyen,78.2186,15.6401,-10.09,73,0,4.12,SJ,1682380550
133,kerikeri,-35.2268,173.9474,18.28,74,4,2.8,NZ,1682380550
134,port elizabeth,-33.918,25.5701,18.16,96,100,4.12,ZA,1682380551
135,maumere,-8.6199,122.2111,27.58,80,33,1.71,ID,1682380551
136,hamilton,39.1834,-84.5333,10.0,44,0,2.57,US,1682380552
137,kolwezi,-10.7148,25.4667,14.18,90,84,1.9,CD,1682380552
138,benghazi,32.1167,20.0667,17.42,81,0,6.27,LY,1682380553
139,port mathurin,-19.6833,63.4167,25.79,83,100,8.65,MU,1682380553
140,kashary,49.04,41.0056,11.2,93,100,4.29,RU,1682380553
141,saint johnsbury,44.4192,-72.0151,7.95,95,100,0.0,US,1682380554
142,namibe,-15.1961,12.1522,23.17,72,60,2.92,AO,1682380554
143,tamanrasset,22.785,5.5228,20.95,13,0,2.06,DZ,1682380555
144,flying fish cove,-10.4217,105.6791,26.98,79,97,6.2,CX,1682380555
145,kiruna,67.8557,20.2251,-9.49,67,8,1.03,SE,1682380555
146,prado,-17.3411,-39.2208,23.19,85,40,4.04,BR,1682380556
147,ambovombe,-25.1667,46.0833,20.15,86,1,2.63,MG,1682380556
148,farafenni,13.5667,-15.6,29.54,30,5,4.09,GM,1682380557
149,college,64.8569,-147.8028,-3.03,48,75,5.14,US,1682380557
150,mili,6.0815,171.735,28.21,78,100,8.15,MH,1682380558
151,pacific grove,36.6177,-121.9166,22.91,72,0,6.17,US,1682380442
152,amga,60.8953,131.9608,-1.41,86,100,2.6,RU,1682380558
153,wailua homesteads,22.0669,-159.378,25.24,91,100,3.09,US,1682380559
154,sao vicente,-23.9631,-46.3919,24.43,26,14,0.89,BR,1682380559
155,mar del plata,-38.0023,-57.5575,18.38,94,100,4.63,AR,1682380560
156,troitskoye,52.9821,84.6757,1.83,89,97,5.33,RU,1682380560
157,luganville,-15.5333,167.1667,28.84,69,73,3.11,VU,1682380560
158,fale old settlement,-9.3852,-171.2468,28.96,73,70,4.58,TK,1682380561
159,tralee,52.2704,-9.7026,3.05,88,11,2.4,IE,1682380561
160,christchurch,-43.5333,172.6333,18.04,71,17,2.06,NZ,1682380359
161,malango,-2.9627,119.9001,20.67,94,100,1.15,ID,1682380562
162,kuala tungkal,-0.8167,103.4667,24.13,95,98,1.33,ID,1682380563
163,jacksonville beach,30.2947,-81.3931,22.07,81,75,4.12,US,1682380271
164,puerto ayora,-0.7393,-90.3518,26.42,89,88,3.58,EC,1682380564
165,alaghsas,17.0187,8.0168,28.47,15,6,2.79,NE,1682380565
166,ishqoshim,36.7248,71.6133,4.92,46,74,1.44,TJ,1682380565
167,udachny,66.4167,112.4,-6.23,98,99,3.37,RU,1682380566
168,aykhal,66.0,111.5,-6.49,100,98,3.8,RU,1682380566
169,wewak,-3.5534,143.6268,28.79,76,100,3.11,PG,1682380567
170,madaoua,14.073,5.96,29.35,31,51,2.04,NE,1682380567
171,chibougamau,49.9168,-74.3659,3.79,93,100,4.12,CA,1682380568
172,southside,33.9245,-86.0225,18.06,31,0,4.12,US,1682380568
173,zhangzhou,24.5133,117.6556,18.96,89,100,0.65,CN,1682380569
174,lazaro cardenas,17.9583,-102.2,27.1,63,69,3.73,MX,1682380569
175,westport,41.1415,-73.3579,13.45,50,40,2.06,US,1682380570
176,ketchikan,55.3422,-131.6461,7.26,76,100,4.12,US,1682380571
177,labytnangi,66.6572,66.4183,-7.63,88,45,3.97,RU,1682380571
178,shahba,32.8551,36.629,9.75,38,17,2.86,SY,1682380572
179,castillos,-34.1667,-53.8333,18.41,94,77,3.42,UY,1682380572
180,withernsea,53.7311,0.0335,5.61,72,84,7.67,GB,1682380573
181,lompoc,34.6391,-120.4579,22.14,68,20,13.86,US,1682380573
182,toliara,-23.35,43.6667,20.29,86,0,3.18,MG,1682380574
183,tabas,33.5959,56.9244,24.06,32,99,0.56,IR,1682380574
184,pontevedra,42.431,-8.6444,15.88,95,100,1.68,ES,1682380142
185,badger,64.8,-147.5333,-3.07,49,75,5.14,US,1682380575
186,timbuktu,16.7735,-3.0074,28.38,10,0,4.69,ML,1682380576
187,kiffa,16.6166,-11.4045,32.11,14,0,3.24,MR,1682380576
188,sosua,19.7667,-70.5167,27.99,78,20,0.0,DO,1682380577
189,elverum,60.8819,11.5623,0.26,98,100,3.68,NO,1682380395
190,haiku-pauwela,20.9219,-156.3051,28.01,51,20,6.17,US,1682380578
191,lamu,-2.2717,40.902,27.12,85,58,3.69,KE,1682380578
192,chegdomyn,51.1167,133.0167,2.48,61,79,2.53,RU,1682380578
193,mata-utu,-13.2816,-176.1745,28.25,74,99,3.24,WF,1682380579
194,grand falls-windsor,48.9332,-55.6649,1.39,93,100,2.24,CA,1682380579
195,invercargill,-46.4,168.35,11.68,82,99,0.89,NZ,1682380580
196,whitehorse,60.7161,-135.0538,5.43,65,75,8.23,CA,1682380580
197,mount isa,-20.7333,139.5,25.87,44,21,5.14,AU,1682380581
198,guerrero negro,27.9769,-114.0611,18.21,66,8,8.31,MX,1682380581
199,as sulayyil,20.4607,45.5779,26.14,40,90,4.84,SA,1682380582
200,maitum,6.0392,124.4986,27.36,79,91,0.6,PH,1682380582
201,tolanaro,-25.0319,46.9987,22.04,94,75,3.09,MG,1682380583
202,san antonio de pale,-1.4014,5.6325,28.17,70,36,1.16,GQ,1682380583
203,borogontsy,62.6683,131.1683,-1.88,90,100,1.25,RU,1682380584
204,marsabit,2.3284,37.9899,19.28,82,77,4.27,KE,1682380584
205,olyokminsk,60.3736,120.4264,-0.74,71,71,2.72,RU,1682380584
206,visakhapatnam,17.69,83.2093,25.94,100,40,1.03,IN,1682380585
207,ilebo,-4.3167,20.5833,20.89,99,99,0.46,CD,1682380586
208,cheremukhovo,60.3484,59.9851,3.64,88,57,2.48,RU,1682380586
209,la passe,45.5549,-0.8967,11.13,91,100,1.28,FR,1682380586
210,roshal',55.6685,39.8749,8.06,89,59,1.91,RU,1682380587
211,cova figueira,14.8905,-24.2934,20.71,77,0,6.18,CV,1682380587
212,broken hill,-31.95,141.4333,21.94,41,2,5.32,AU,1682380588
213,tigre,-34.426,-58.5796,19.03,90,100,4.63,AR,1682380588
214,nefta,33.8731,7.8777,25.14,24,77,2.78,TN,1682380589
215,vorgashor,67.5833,63.95,-15.41,99,97,2.82,RU,1682380589
216,uturoa,-16.7333,-151.4333,27.13,80,40,4.84,PF,1682380589
217,st. john's,47.5649,-52.7093,2.38,96,100,8.94,CA,1682380511
218,rio grande,-32.035,-52.0986,21.06,83,1,8.05,BR,1682380590
219,kievka,50.2619,71.5514,6.71,59,8,3.06,KZ,1682380591
220,tazovsky,67.4667,78.7,-9.54,96,99,4.08,RU,1682380437
221,namtsy,62.7161,129.6658,-2.08,86,100,1.68,RU,1682380592
222,balod,20.73,81.2047,25.58,49,8,0.69,IN,1682380369
223,east london,-33.0153,27.9116,20.12,89,100,4.9,ZA,1682380593
224,alakurtti,66.9672,30.3491,-11.84,96,50,0.94,RU,1682380594
225,alice springs,-23.7,133.8833,19.75,56,0,0.0,AU,1682380594
226,punta arenas,-53.15,-70.9167,6.06,81,75,7.2,CL,1682380594
227,rio branco do sul,-25.19,-49.3142,17.18,98,43,1.49,BR,1682380462
228,nar'yan-mar,67.6713,53.087,-12.81,98,84,2.12,RU,1682380595
229,parfino,57.9731,31.6481,10.96,64,39,2.3,RU,1682380596
230,sawakin,19.1059,37.3321,27.47,65,38,1.45,SD,1682380596
231,douglas,41.3,-96.167,17.9,40,0,4.63,US,1682380597
232,pandan,14.0453,124.1694,27.89,67,36,4.01,PH,1682380597
233,kruisfontein,-34.0033,24.7314,16.24,88,90,2.67,ZA,1682380598
234,katsuren-haebaru,26.3369,127.8719,24.01,73,100,3.6,JP,1682380598
235,vadso,70.0744,29.7487,-3.51,80,9,5.66,NO,1682380599
236,manicore,-5.8092,-61.3003,23.56,95,95,1.07,BR,1682380599
237,margate,51.3813,1.3862,6.5,75,100,3.58,GB,1682380600
238,syumsi,57.1111,51.6149,9.15,66,8,2.4,RU,1682380600
239,nuku'alofa,-21.1333,-175.2,28.19,65,75,2.06,TO,1682380601
240,tha khanon,9.0302,98.9529,27.93,83,100,0.2,TH,1682380601
241,xinmin,41.9908,122.8253,12.63,50,100,7.73,CN,1682380602
242,nabire,-3.3667,135.4833,28.62,73,30,0.15,ID,1682380602
243,vikhorevka,56.1201,101.1636,2.77,71,97,0.68,RU,1682380603
244,moab,38.5733,-109.5498,22.01,23,97,0.45,US,1682380603
245,linxia chengguanzhen,35.6003,103.2064,5.92,64,2,0.81,CN,1682380604
246,zhangye,38.9342,100.4517,9.04,36,0,3.07,CN,1682380604
247,hengchun,22.0042,120.7439,25.07,75,16,5.24,TW,1682380472
248,puerto baquerizo moreno,-0.9,-89.6,25.55,79,42,2.86,EC,1682380605
249,tateyama,34.9833,139.8667,15.73,49,35,5.51,JP,1682380354
250,dudinka,69.4058,86.1778,0.49,79,100,7.44,RU,1682380606
251,saint-philippe,-21.3585,55.7679,24.77,78,32,2.71,RE,1682380606
252,bac lieu,9.285,105.7244,29.2,70,57,5.51,VN,1682380607
253,saipan,15.1355,145.701,29.39,100,40,7.72,MP,1682380607
254,okondja,-0.6549,13.6753,22.76,96,74,0.64,GA,1682380608
255,aldinga beach,-35.2793,138.4604,25.7,52,63,3.25,AU,1682380608
256,suva,-18.1416,178.4415,28.71,74,40,1.03,FJ,1682380609
257,tindouf,27.6711,-8.1474,27.51,13,0,1.96,DZ,1682380609
258,traverse city,44.7631,-85.6206,6.11,43,35,1.34,US,1682380384
259,omdurman,15.6445,32.4777,32.18,18,98,1.71,SD,1682380610
260,pestravka,52.405,49.9583,13.07,74,88,2.22,RU,1682380611
261,flin flon,54.7682,-101.865,6.91,23,40,3.09,CA,1682380356
262,trondheim,63.4305,10.3951,1.05,85,100,2.48,NO,1682380327
263,enewetak,11.3474,162.3373,25.95,88,100,7.96,MH,1682380612
264,brandon,27.9378,-82.2859,24.96,80,100,3.6,US,1682380612
265,atafu village,-8.5421,-172.5159,29.24,71,58,4.4,TK,1682380613
266,arkhangel'sk,64.5401,40.5433,0.06,100,100,2.0,RU,1682380613
267,peace river,56.2501,-117.286,14.17,41,100,3.09,CA,1682380613
268,buka,40.8108,69.1986,15.39,57,31,2.02,UZ,1682380614
269,gamboula,4.1178,15.1393,20.38,98,84,1.51,CF,1682380614
270,broome,42.2506,-75.833,8.21,79,75,3.6,US,1682380615
271,zemio,5.0314,25.1361,21.78,76,13,1.22,CF,1682380615
272,kailua-kona,19.6406,-155.9956,27.98,75,40,4.12,US,1682380615
273,kavaratti,10.5669,72.642,27.87,71,57,3.66,IN,1682380616
274,dumas,35.8656,-101.9732,11.45,62,0,4.63,US,1682380616
275,opuwo,-18.0607,13.84,21.05,55,7,0.15,NA,1682380617
276,jamestown,42.097,-79.2353,5.77,67,40,7.2,US,1682380617
277,barentu,15.1139,37.5928,28.03,32,88,2.49,ER,1682380618
278,carutapera,-1.195,-46.02,25.2,85,85,2.74,BR,1682380618
279,yanykurgan,43.915,67.2481,15.73,40,4,9.94,KZ,1682380618
280,trairi,-3.2778,-39.2689,24.91,89,60,2.07,BR,1682380578
281,cidreira,-30.1811,-50.2056,21.97,81,4,8.25,BR,1682380619
282,yunak,38.8142,31.7322,8.0,51,12,1.07,TR,1682380620
283,tela,15.7833,-87.45,29.97,70,40,4.12,HN,1682380621
284,san matias,-16.3667,-58.4,23.95,86,9,1.37,BO,1682380622
285,ploneour-lanvern,47.9,-4.2833,7.18,87,0,1.54,FR,1682380622
286,yankton,42.8711,-97.3973,16.14,21,20,4.12,US,1682380289
287,geraldton,-28.7667,114.6,13.23,94,100,3.09,AU,1682380623
288,muisne,0.6,-80.0333,26.03,84,10,2.11,EC,1682380624
289,crane,31.3974,-102.3501,18.19,56,38,8.01,US,1682380624
290,vila franca do campo,37.7167,-25.4333,17.23,97,100,3.58,PT,1682380625
291,vilyuysk,63.7553,121.6247,-4.8,92,100,4.05,RU,1682380626
292,energetik,51.7445,58.7934,11.1,58,96,0.93,RU,1682380626
293,ocos,14.5094,-92.1933,29.2,70,85,5.28,GT,1682380627
294,brezovica,46.0333,14.4,8.64,94,98,0.48,SI,1682380627
295,lihue,21.9789,-159.3672,25.58,91,100,3.09,US,1682380628
296,hadibu,12.65,54.0333,27.3,74,26,1.97,YE,1682380628
297,santa ana,33.7456,-117.8678,25.91,67,20,5.14,US,1682380591
298,mancio lima,-7.6142,-72.8958,23.04,100,100,2.06,BR,1682380629
299,progreso,21.2833,-89.6667,32.28,74,100,4.81,MX,1682380630
300,bubaque,11.2833,-15.8333,25.97,67,37,5.44,GW,1682380630
301,oistins,13.0667,-59.5333,26.48,75,91,4.25,BB,1682380630
302,happy valley-goose bay,53.3168,-60.3315,8.17,57,75,2.57,CA,1682380504
303,coquimbo,-29.9533,-71.3436,14.85,94,20,3.6,CL,1682380631
304,dunedin,-45.8742,170.5036,17.82,43,91,7.81,NZ,1682380632
305,hasaki,35.7333,140.8333,16.27,48,32,4.16,JP,1682380633
306,nantucket,41.2835,-70.0995,10.08,93,100,2.06,US,1682380598
307,colonia,50.9333,6.95,7.75,82,0,0.51,DE,1682380545
308,bardai,11.65,7.2333,25.87,43,99,1.26,NG,1682380634
309,gastonia,35.2621,-81.1873,17.83,56,0,0.0,US,1682380441
310,vrangel',42.7297,133.0839,6.41,76,100,3.0,RU,1682380635
311,luderitz,-26.6481,15.1594,16.8,88,0,4.66,NA,1682380635
312,isafjordur,66.0755,-23.124,-1.14,64,94,3.95,IS,1682380636
313,tazacorte,28.629,-17.9293,18.54,88,0,4.12,ES,1682380636
314,machali,-34.1833,-70.6667,17.53,46,0,0.95,CL,1682380637
315,mariehamn,60.0973,19.9348,1.92,93,100,3.6,AX,1682380637
316,arno,60.1167,18.6333,0.44,87,100,4.28,SE,1682380638
317,nadym,65.5333,72.5167,-5.39,82,97,9.4,RU,1682380638
318,rumphi,-11.0186,33.8575,17.37,95,5,1.53,MW,1682380639
319,santa eularia des riu,38.9846,1.5341,17.23,92,75,0.0,ES,1682380639
320,sechura,-5.5569,-80.8222,28.01,62,100,4.53,PE,1682380640
321,kone,-21.0595,164.8658,28.45,61,73,2.68,NC,1682380640
322,al jawf,29.5,38.75,19.38,29,0,5.58,SA,1682380641
323,istaravshan,39.9142,69.0033,13.78,49,65,1.92,TJ,1682380641
324,dibba al-hisn,25.6196,56.2729,22.1,55,75,2.09,AE,1682380642
325,kalmunai,7.4167,81.8167,26.43,86,68,2.4,LK,1682380643
326,kokshetau,53.2775,69.3883,8.5,56,82,3.62,KZ,1682380643
327,imbituba,-28.24,-48.6703,20.06,88,4,4.2,BR,1682380644
328,prince george,53.9166,-122.753,12.57,42,100,5.66,CA,1682380512
329,alesund,62.4723,6.1549,3.28,76,75,8.23,NO,1682380645
330,altamira,-3.2033,-52.2064,23.11,97,100,1.18,BR,1682380645
331,oyem,1.5995,11.5793,20.54,99,94,1.51,GA,1682380646
332,la palma,33.8464,-118.0467,26.06,68,20,5.14,US,1682380646
333,newman,37.3138,-121.0208,28.36,29,44,4.47,US,1682380647
334,plottier,-38.9667,-68.2333,22.95,43,0,2.57,AR,1682380648
335,smithers,54.7804,-127.1743,12.18,35,40,3.09,CA,1682380648
336,puerto deseado,-47.7503,-65.8938,18.34,24,38,11.15,AR,1682380649
337,san patricio,28.017,-97.5169,22.97,78,54,4.73,US,1682380649
338,sabang,5.8933,95.3214,28.93,75,100,4.82,ID,1682380650
339,keetmanshoop,-26.5833,18.1333,16.51,77,0,3.6,NA,1682380650
340,mogadishu,2.0371,45.3438,27.82,76,98,4.48,SO,1682380651
341,sullivan,36.5168,-82.5332,15.43,23,20,2.06,US,1682380651
342,kangding,30.0513,101.9603,6.26,92,100,0.86,CN,1682380652
343,wenchang,30.904,118.4887,11.52,90,100,0.97,CN,1682380652
344,lamar,33.6668,-95.5836,18.95,44,100,5.66,US,1682380653
345,klyuchi,52.2667,79.1667,2.69,58,38,3.02,RU,1682380654
346,sosnovka,56.255,51.2842,9.48,64,1,2.39,RU,1682380654
347,tofol,5.3248,163.0078,27.88,83,100,4.12,FM,1682380655
348,chukhloma,58.7525,42.6825,10.82,64,50,2.19,RU,1682380655
349,gadzhiyevo,69.2551,33.3362,-8.41,88,13,4.93,RU,1682380656
350,new norfolk,-42.7826,147.0587,14.72,64,100,2.08,AU,1682380657
351,amursk,50.2261,136.8994,5.67,41,17,5.97,RU,1682380657
352,quellon,-43.1167,-73.6167,12.14,87,100,6.17,CL,1682380407
353,donggongon,5.907,116.1015,27.96,74,20,1.54,MY,1682380658
354,bereket,39.2446,55.5154,24.83,21,57,9.11,TM,1682380658
355,egilsstadir,65.2653,-14.3948,-2.05,69,75,4.12,IS,1682380659
356,sale,34.0389,-6.8166,19.24,100,2,1.54,MA,1682380500
357,fort mcmurray,56.7268,-111.381,15.77,50,100,7.72,CA,1682380660
358,porto velho,-8.7619,-63.9039,25.03,94,75,0.51,BR,1682380658
359,ibiapina,-3.9233,-40.8894,18.37,90,99,0.13,BR,1682380661
360,isiro,2.7739,27.616,18.41,91,61,0.83,CD,1682380661
361,port lincoln,-34.7333,135.8667,20.46,52,76,3.74,AU,1682380662
362,uyuni,-20.4597,-66.825,7.34,22,0,5.26,BO,1682380662
363,diu,20.7141,70.9822,26.74,46,41,2.29,IN,1682380662
364,carbonear,47.7332,-53.2148,2.64,90,100,6.89,CA,1682380663
365,trincomalee,8.5711,81.2335,27.6,82,60,2.59,LK,1682380663
366,i-n-salah,27.1935,2.4607,25.75,12,0,6.4,DZ,1682380664
367,zyryanovsk,49.7386,84.2719,3.16,96,100,1.06,KZ,1682380665
368,surab,28.4914,66.2585,17.93,27,100,1.51,PK,1682380665
369,bonthe,7.5264,-12.505,27.53,85,66,3.06,SL,1682380666
370,bamboo flat,11.7,92.7167,27.97,78,58,1.9,IN,1682380666
371,greenville,35.6127,-77.3663,17.09,67,0,0.0,US,1682380550
372,merizo village,13.2658,144.6691,29.21,90,18,7.93,GU,1682380667
373,sault ste. marie,46.5168,-84.3333,3.16,89,100,5.66,CA,1682380049
374,zarah sharan,33.1467,68.7917,12.67,45,37,0.73,AF,1682380668
375,nogliki,51.8333,143.1667,3.09,67,77,5.89,RU,1682380669
376,changji,44.0167,87.3167,13.44,33,0,2.0,CN,1682380670
377,prince rupert,54.3161,-130.3201,7.05,76,100,9.77,CA,1682380372
378,rupert,42.6191,-113.6772,12.97,33,20,9.77,US,1682380671
379,andalgala,-27.5819,-66.3165,11.62,66,3,1.22,AR,1682380671
380,tutayev,57.8853,39.5406,9.39,65,41,2.49,RU,1682380672
381,boda,4.3189,17.4695,22.68,78,30,0.36,CF,1682380640
382,kapa'a,22.0752,-159.319,25.99,90,100,3.09,US,1682380673
383,ugoofaaru,5.6667,73.0,29.03,72,100,4.23,MV,1682380673
384,bel ombre,-4.6167,55.4167,28.65,74,86,3.24,SC,1682380674
385,kimbe,-5.5502,150.1429,30.51,66,100,0.48,PG,1682380674
386,nagqu,31.5,92.0,-3.16,29,100,3.48,CN,1682380675
387,cockburn town,21.4612,-71.1419,25.65,73,28,5.14,TC,1682380675
388,sao felix do xingu,-6.6447,-51.995,22.84,90,100,1.12,BR,1682380634
389,urangan,-25.3,152.9,23.38,59,95,10.2,AU,1682380676
390,fortuna,40.5982,-124.1573,14.4,74,89,3.13,US,1682380676
391,wynyard,-41.0,145.7167,18.32,69,55,2.39,AU,1682380650
392,taltal,-25.4,-70.4833,18.68,80,25,2.35,CL,1682380677
393,cuatro cienegas de carranza,26.9833,-102.0833,22.92,46,0,4.78,MX,1682380678
394,balad,34.0164,44.1453,18.42,71,20,4.82,IQ,1682380678
395,yarmouth,41.7057,-70.2286,10.34,90,100,2.57,US,1682380679
396,vokhtoga,58.8147,41.0461,9.38,67,6,2.32,RU,1682380679
397,sitka,57.0531,-135.33,3.94,81,100,7.2,US,1682380680
398,dean funes,-30.4204,-64.3498,12.9,95,100,1.07,AR,1682380680
399,nikolayevsk-on-amure,53.1406,140.73,3.96,51,55,5.07,RU,1682380681
400,ulsteinvik,62.3432,5.8487,3.28,78,100,4.92,NO,1682380681
401,port hedland,-20.3167,118.5667,26.03,83,98,1.54,AU,1682380682
402,bitkine,11.9801,18.2138,29.62,42,87,1.87,TD,1682380682
403,vila velha,-20.3297,-40.2925,23.97,88,0,3.09,BR,1682380433
404,dadhar,29.4753,67.6514,27.74,18,96,0.8,PK,1682380683
405,taro,-8.3862,115.28,23.0,82,60,0.48,ID,1682380684
406,luau,-10.7073,22.2247,17.89,94,63,1.46,AO,1682380685
407,port macquarie,-31.4333,152.9167,19.84,63,89,2.24,AU,1682380685
408,labrador city,52.9463,-66.9114,9.95,34,0,2.06,CA,1682380686
409,rovinj,45.08,13.64,9.6,83,60,3.67,HR,1682380686
410,az zulfi,26.2995,44.8154,22.48,49,77,3.68,SA,1682380687
411,neufchateau,48.35,5.7,7.3,71,55,2.74,FR,1682380687
412,sergeyevka,53.88,67.4158,9.21,60,75,3.55,KZ,1682380688
413,pundong,-7.9522,110.3486,25.81,85,99,2.84,ID,1682380689
414,al bawiti,28.3492,28.8659,19.67,42,38,4.97,EG,1682380689
415,nangen,35.41,127.3858,8.44,86,100,2.08,KR,1682380690
416,rongelap,11.1635,166.8941,26.99,83,92,8.85,MH,1682380690
417,smithfield,41.922,-71.5495,13.01,51,78,0.45,US,1682380690
418,taghazout,30.5426,-9.7112,18.43,65,34,2.87,MA,1682380691
419,laguna,38.421,-121.4238,28.2,29,0,4.12,US,1682380691
420,waingapu,-9.6567,120.2641,27.07,80,20,4.49,ID,1682380692
421,marsh harbour,26.5412,-77.0636,24.18,74,88,6.15,BS,1682380693
422,tshikapa,-6.4167,20.8,21.48,98,96,0.63,CD,1682380693
423,portland,45.5234,-122.6762,15.85,63,100,1.79,US,1682380128
424,callao,-12.0667,-77.15,25.16,69,0,7.2,PE,1682380642
425,mascote,-15.5631,-39.3025,20.61,99,79,1.15,BR,1682380695
426,qamdo,31.1667,97.2333,-2.5,28,85,0.69,CN,1682380696
427,nyurba,63.2842,118.3319,-4.35,91,100,3.1,RU,1682380697
428,sandnessjoen,66.0217,12.6316,0.36,69,78,0.89,NO,1682380697
429,camana,-16.6228,-72.7111,21.4,86,0,3.98,PE,1682380698
430,semirom,31.4167,51.5667,10.89,56,75,1.14,IR,1682380698
431,lata,40.1629,-8.3327,14.4,96,98,0.74,PT,1682380699
432,borongan,11.6333,125.4333,27.63,75,28,2.63,PH,1682380699
433,copainala,17.0833,-93.2,27.16,68,61,3.19,MX,1682380700
434,antalaha,-14.9003,50.2788,23.95,91,96,1.75,MG,1682380700
435,moree,-29.4667,149.85,21.63,44,0,4.79,AU,1682380701
436,am timan,11.0297,20.2827,26.79,55,65,1.99,TD,1682380701
437,yaroslavskiy,44.1683,132.2072,8.57,57,100,8.58,RU,1682380702
438,franklin,39.9667,-83.0166,8.35,49,40,5.66,US,1682380607
439,okhotsk,59.3833,143.3,0.66,77,100,2.85,RU,1682380703
440,hami,42.8,93.45,14.69,17,20,1.87,CN,1682380703
441,mahina,-17.5065,-149.489,30.87,66,40,1.03,PF,1682380704
442,bandon,51.7469,-8.7425,5.77,89,9,1.96,IE,1682380704
443,khanpur,28.6453,70.6567,27.1,17,80,3.7,PK,1682380170
444,port alfred,-33.5906,26.891,18.99,93,100,1.34,ZA,1682380706
445,marquette,46.5333,-87.6335,3.47,78,100,1.79,US,1682380706
446,judenburg,47.1667,14.6667,2.98,94,96,2.25,AT,1682380706
447,west bay,19.3667,-81.4167,29.04,79,20,3.6,KY,1682380707
448,kapuskasing,49.4169,-82.4331,0.05,74,75,4.63,CA,1682380502
449,liman,48.9884,37.8023,10.77,96,100,1.57,UA,1682380708
450,manta,-0.95,-80.7333,27.88,74,20,2.06,EC,1682380708
451,camocim,-2.9022,-40.8411,25.33,85,97,3.51,BR,1682380709
452,nadi,-17.8,177.4167,29.0,65,75,3.6,FJ,1682380701
453,at taj,24.2049,23.2857,25.75,21,14,8.4,LY,1682380710
454,murzuq,25.9155,13.9184,23.52,31,27,5.59,LY,1682380710
455,valky,49.8387,35.6207,10.81,71,100,2.38,UA,1682380711
456,chernyshevskiy,63.0128,112.4714,-6.11,91,89,1.04,RU,1682380711
457,nguigmi,14.2495,13.1092,28.44,37,100,3.93,NE,1682380712
458,al ghayzah,16.2079,52.176,27.47,74,26,3.32,YE,1682380712
459,santiago de cao,-7.9589,-79.2392,25.07,78,75,2.06,PE,1682380713
460,palopo,-2.9996,120.1921,25.34,85,100,0.8,ID,1682380713
461,hilo,19.7297,-155.09,28.86,67,0,6.69,US,1682380201
462,jumla,29.2747,82.1838,6.07,78,100,1.69,NP,1682380714
463,arawa,-6.2132,155.5367,30.8,62,86,1.63,PG,1682380715
464,puerto colombia,10.9878,-74.9547,29.05,74,41,4.97,CO,1682380715
465,garcia,25.8167,-100.5833,25.65,90,79,3.97,MX,1682380716
466,mountain home,43.133,-115.6912,12.46,37,75,10.29,US,1682380616
467,harar,9.3094,42.1258,15.35,83,32,1.07,ET,1682380718
468,pariyapuram,10.9561,76.1916,27.16,91,98,0.84,IN,1682380718
469,ponta pora,-22.5361,-55.7256,17.69,97,6,2.75,BR,1682380719
470,mahmudabad,27.3,81.1167,21.33,40,13,1.76,IN,1682380719
471,emerald,-23.5333,148.1667,22.41,63,0,7.38,AU,1682380720
472,bangassou,4.7413,22.8184,21.18,92,8,0.37,CF,1682380720
473,fisterra,42.9049,-9.2629,15.97,91,100,5.15,ES,1682380721
474,kihurio,-4.4667,38.0667,21.92,96,40,2.11,TZ,1682380721
475,yuzhno-kurilsk,44.0306,145.8556,6.95,48,15,6.81,RU,1682380722
476,kwale,5.7063,6.4374,25.88,89,55,1.47,NG,1682380722
477,urumqi,43.801,87.6005,11.53,33,0,2.0,CN,1682380723
478,gorontalo,0.5412,123.0595,27.73,83,27,1.25,ID,1682380620
479,fada,9.5667,8.3,22.85,60,98,0.88,NG,1682380724
480,nuuk,64.1835,-51.7216,4.93,80,100,1.79,GL,1682380724
481,selfoss,63.9331,-20.9971,1.14,51,100,3.24,IS,1682380164
482,xapuri,-10.6517,-68.5044,22.91,97,84,1.31,BR,1682380725
483,songea,-10.6833,35.65,16.79,97,2,1.19,TZ,1682380725
484,illizi,26.4833,8.4667,23.59,17,7,4.45,DZ,1682380726
485,ust'-ilimsk,58.0006,102.6619,1.5,71,100,1.53,RU,1682380726
486,montmagny,48.9734,2.3469,9.02,88,75,3.09,FR,1682380727
487,kaiyuan,23.6977,103.3037,20.78,67,16,2.26,CN,1682380727
488,kretinga,55.8758,21.2508,11.86,82,75,3.09,LT,1682380728
489,queenstown,-31.8976,26.8753,12.87,62,86,0.66,ZA,1682380729
490,malabar,-33.9667,151.25,22.24,72,20,4.12,AU,1682380729
491,ruidoso,33.3317,-105.673,17.54,31,75,8.23,US,1682380730
492,kawalu,-7.3817,108.2082,23.66,93,96,1.35,ID,1682380730
493,sao francisco de assis,-29.5503,-55.1311,21.07,55,53,2.09,BR,1682380731
494,esperantina,-3.9017,-42.2336,24.22,87,99,1.79,BR,1682380731
495,kristiansund,63.1115,7.732,2.03,93,100,4.63,NO,1682380732
496,santa elena de uairen,4.6167,-61.1333,21.42,83,71,0.55,VE,1682380732
497,banda aceh,5.5577,95.3222,26.61,82,100,2.87,ID,1682380733
498,tabou,4.423,-7.3528,27.09,86,100,2.66,CI,1682380733
499,zayed city,24.3768,54.589,28.89,44,0,1.54,AE,1682380734
500,acarau,-2.8856,-40.12,25.53,83,71,3.27,BR,1682380437
501,baloda,22.15,82.4833,25.18,44,21,1.99,IN,1682380735
502,marsa alam,25.0757,34.8918,25.0,45,62,5.95,EG,1682380735
503,rhinelander,45.6366,-89.4121,4.65,45,100,4.12,US,1682380736
504,sassandra,4.95,-6.0833,26.9,88,99,2.22,CI,1682380736
505,palmas,-10.2128,-48.3603,23.93,94,100,2.57,BR,1682380737
506,gizo,-8.103,156.8419,27.17,80,98,3.29,SB,1682380737
507,tupiza,-21.45,-65.7167,14.6,15,0,4.6,BO,1682380738
508,tangalle,6.024,80.7911,25.52,89,78,1.36,LK,1682380738
509,tinaan,11.2667,123.75,27.71,78,86,7.73,PH,1682380739
510,ladario,-19.0047,-57.6017,22.52,91,33,1.06,BR,1682380654
511,gotsucho,35.0,132.2167,8.98,71,100,3.3,JP,1682380740
512,pimentel,-6.8367,-79.9342,27.16,69,40,7.72,PE,1682380740
513,uzgen,40.7699,73.3007,13.16,44,43,2.56,KG,1682380741
514,orsk,51.2049,58.5668,6.5,70,0,2.0,RU,1682380741
515,port saint john's,-31.6229,29.5448,21.45,75,100,3.75,ZA,1682380742
516,novodvinsk,64.4165,40.8122,-0.14,93,100,2.3,RU,1682380742
517,kilosa,-6.8333,36.9833,21.51,97,96,1.17,TZ,1682380743
518,manokwari,-0.8667,134.0833,28.09,71,75,1.13,ID,1682380744
519,gavle,60.6745,17.1417,1.86,93,100,1.34,SE,1682380744
520,betio village,1.358,172.9211,31.02,79,100,5.48,KI,1682380745
521,sur,22.5667,59.5289,26.72,59,42,3.35,OM,1682380745
522,khovd,48.0056,91.6419,6.65,31,86,2.66,MN,1682380746
523,saint-francois,46.4154,3.9054,8.69,87,0,2.06,FR,1682380648
524,muravlenko,63.7898,74.523,-6.72,89,75,8.02,RU,1682380747
525,zharkent,44.1628,80.0,13.87,64,84,4.09,KZ,1682380747
526,zeya,53.75,127.2667,1.61,38,43,4.23,RU,1682380748
527,susuman,62.7833,148.1667,-2.86,79,90,2.7,RU,1682380748
528,n'dalatando,-9.2978,14.9116,19.95,97,54,1.1,AO,1682380749
529,sirte,31.2089,16.5887,16.53,78,20,2.2,LY,1682380750
530,suntar,62.1444,117.6319,-3.21,85,97,2.25,RU,1682380750
531,sinabang,2.4803,96.3801,27.01,80,100,2.06,ID,1682380751
532,ratoath,53.5081,-6.4625,4.13,90,75,2.06,IE,1682380751
533,santiago,-33.4569,-70.6483,20.3,54,0,4.12,CL,1682380348
534,shirgaon,19.7,72.7,26.59,73,99,1.01,IN,1682380752
535,atyashevo,54.5644,46.0691,9.84,65,63,1.9,RU,1682380753
536,beledweyne,4.7358,45.2036,26.89,75,86,5.01,SO,1682380753
537,villa del totoral,-30.8167,-63.7167,13.83,97,100,1.19,AR,1682380754
538,torghay,49.6339,63.4981,11.52,48,14,2.24,KZ,1682380754
539,inari,68.906,27.0288,-8.89,94,44,1.06,FI,1682380754
540,shelton,41.3165,-73.0932,13.39,57,75,2.06,US,1682380755
541,biltine,14.5333,20.9167,30.92,35,98,3.04,TD,1682380755
542,ixtapa,20.7,-105.2,26.24,79,100,2.24,MX,1682380459
